t,x,y
0.0000000000,0.0000000000,0.0000000000
0.2000000000,0.0391514197,0.1012141801
0.4000000000,0.0844118294,0.2048468922
0.6000000000,0.1354925747,0.3108687311
0.8000000000,0.1921096933,0.4192309529
1.0000000000,0.2539862136,0.5298658693
1.2000000000,0.3208543967,0.6426873956
1.4000000000,0.3924579032,0.7575917475
1.6000000000,0.4685538688,0.8744582813
1.8000000000,0.5489148697,0.9931504701
2.0000000000,0.6333307639,1.1135170095
2.2000000000,0.7216103914,1.2353930418
2.4000000000,0.8135831228,1.3586014907
2.6000000000,0.9091002391,1.4829544947
2.8000000000,1.0080361366,1.6082549275
3.0000000000,1.1102893431,1.7342979939
3.2000000000,1.2157833393,1.8608728874
3.4000000000,1.3244671781,1.9877644966
3.6000000000,1.4363158974,2.1147551466
3.8000000000,1.5513307217,2.2416263605
4.0000000000,1.6695390524,2.3681606284
4.2000000000,1.7909942459,2.4941431678
4.4000000000,1.9157751821,2.6193636621
4.6000000000,2.0439856252,2.7436179632
4.8000000000,2.1757533843,2.8667097439
5.0000000000,2.3112292788,2.9884520868
5.2000000000,2.4505859172,3.1086689979
5.4000000000,2.5940163006,3.2271968308
5.6000000000,2.7417322598,3.3438856111
5.8000000000,2.8939627409,3.4586002511
6.0000000000,3.0509519521,3.5712216426
6.2000000000,3.2129573869,3.6816476213
6.4000000000,3.3802477399,3.7897937937
6.6000000000,3.5531007316,3.8955942204
6.8000000000,3.7318008607,3.9990019497
7.0000000000,3.9166371011,4.0999893975
7.2000000000,4.1079005625,4.1985485710
7.4000000000,4.3058821346,4.2946911329
7.6000000000,4.5108701319,4.3884483074
7.8000000000,4.7231479602,4.4798706273
8.0000000000,4.9429918227,4.5690275249
8.2000000000,5.1706684839,4.6560067700
8.4000000000,5.4064331105,4.7409137597
8.6000000000,5.6505272060,4.8238706647
8.8000000000,5.9031766557,4.9050154411
9.0000000000,6.1645898982,4.9845007130
9.2000000000,6.4349562386,5.0624925376
9.4000000000,6.7144443155,5.1391690608
9.6000000000,7.0032007365,5.2147190753
9.8000000000,7.3013488913,5.2893404924
10.0000000000,7.6089879529,5.3632387398
