x,y
0.0000000000,2.1500000000
0.2000000000,2.1918034312
0.4000000000,2.2088439009
0.6000000000,2.2065886948
0.8000000000,2.1935671564
1.0000000000,2.1797492748
1.2000000000,2.1746822864
1.4000000000,2.1857117411
1.6000000000,2.2165985884
1.8000000000,2.2667747397
2.0000000000,2.3313682823
2.2000000000,2.4019954004
2.4000000000,2.4681824252
2.6000000000,2.5191715190
2.8000000000,2.5457964182
3.0000000000,2.5421020738
3.2000000000,2.5064261466
3.4000000000,2.4417534616
3.6000000000,2.3552805260
3.8000000000,2.2572641794
4.0000000000,2.1593525544
4.2000000000,2.0726862399
4.4000000000,2.0060972406
4.6000000000,1.9647161457
4.8000000000,1.9492268242
5.0000000000,1.9558953311
5.2000000000,1.9773651086
5.4000000000,2.0040773977
5.6000000000,2.0260671895
5.8000000000,2.0348199099
6.0000000000,2.0248636675
6.2000000000,1.9948180998
6.4000000000,1.9477155952
6.6000000000,1.8905374619
6.8000000000,1.8330444330
7.0000000000,1.7861039276
7.2000000000,1.7598043616
7.4000000000,1.7616842170
7.6000000000,1.7953840361
7.8000000000,1.8599563908
8.0000000000,1.9499548886
8.2000000000,2.0562882263
8.4000000000,2.1676926496
8.6000000000,2.2725689828
8.8000000000,2.3608672776
9.0000000000,2.4256940603
9.2000000000,2.4643655360
9.4000000000,2.4787265179
9.6000000000,2.4746825308
9.8000000000,2.4610293026
